datetime,GE_MPMI_MoM_Actual,GE_MPMI_MoM_Srv_Med,GE_MPMI_MoM_Revised,GE_MPMI_MoM_Prior,Is_P
2023-09-01 15:55:00,None,39.1,38.8,38.8,0
2023-08-23 15:30:00,39.1,38.7,38.8,38.8,1
2023-08-01 15:55:00,38.8,38.8,40.6,40.6,0
2023-07-24 15:30:00,38.8,41.0,40.6,41.0,1
2023-07-03 15:55:00,40.6,41.0,43.2,43.2,0
2023-06-23 15:30:00,41.0,43.5,43.2,42.9,1
2023-06-01 15:55:00,43.2,42.9,44.5,44.5,0
2023-05-23 15:30:00,42.9,45.0,44.5,44.0,1
2023-05-02 15:55:00,44.5,44.0,44.7,44.7,0
2023-04-21 15:30:00,44.0,45.7,44.7,44.4,1
2023-04-03 15:55:00,44.7,44.4,46.3,46.3,0
2023-03-24 16:30:00,44.4,47.0,46.3,46.5,1
2023-03-01 16:55:00,46.3,46.5,46.5,47.3,0
2023-02-21 16:30:00,46.5,47.8,47.3,47.0,1
2023-02-01 16:55:00,47.3,47.0,47.1,47.1,0
2023-01-24 16:30:00,47.0,47.9,47.1,47.4,1
2023-01-02 16:55:00,47.1,47.4,46.2,46.2,0
2022-12-16 16:30:00,47.4,46.3,46.2,46.7,1
2022-12-01 16:55:00,46.2,46.7,45.1,45.1,0
2022-11-23 16:30:00,46.7,45.0,45.1,45.7,1
2022-11-02 16:55:00,45.1,45.7,47.8,47.8,0
2022-10-24 15:30:00,45.7,47.0,47.8,48.3,1
2022-10-03 15:55:00,47.8,48.3,49.1,49.1,0
2022-09-23 15:30:00,48.3,48.3,49.1,49.8,1
2022-09-01 15:55:00,49.1,49.8,49.3,49.3,0
2022-08-23 15:30:00,49.8,48.2,49.3,49.2,1
2022-08-01 15:55:00,49.3,49.2,52.0,52.0,0
2022-07-22 15:30:00,49.2,50.6,52.0,52.0,1
2022-07-01 15:55:00,52.0,52.0,54.8,54.8,0
2022-06-23 15:30:00,52.0,54.0,54.8,54.7,1
2022-06-01 15:55:00,54.8,54.7,54.6,54.6,0
2022-05-24 15:30:00,54.7,54.0,54.6,54.1,1
2022-05-02 15:55:00,54.6,54.1,56.9,56.9,0
2022-04-22 15:30:00,54.1,54.5,56.9,57.6,1
2022-04-01 15:55:00,56.9,57.6,57.6,58.4,0
2022-03-24 16:30:00,57.6,55.8,58.4,58.5,1
2022-03-01 16:55:00,58.4,58.5,59.8,59.8,0
2022-02-21 16:30:00,58.5,59.5,59.8,60.5,1
2022-02-01 16:55:00,59.8,60.5,57.4,57.4,0
2022-01-24 16:30:00,60.5,57.0,57.4,57.9,1
2022-01-03 16:55:00,57.4,57.9,57.4,57.4,0
2021-12-16 16:30:00,57.9,56.8,57.4,57.6,1
2021-12-01 16:55:00,57.4,57.6,57.6,57.8,0
2021-11-23 16:30:00,57.6,56.9,57.8,58.2,1
2021-11-02 16:55:00,57.8,58.2,58.4,58.4,0
2021-10-22 15:30:00,58.2,56.5,58.4,58.5,1
2021-10-01 15:55:00,58.4,58.5,62.6,62.6,0
2021-09-23 15:30:00,58.5,61.5,62.6,62.7,1
2021-09-01 15:55:00,62.6,62.7,65.9,65.9,0
2021-08-23 15:30:00,62.7,65.0,65.9,65.6,1
2021-08-02 15:55:00,65.9,65.6,65.1,65.1,0
2021-07-23 15:30:00,65.6,64.2,65.1,64.9,1
2021-07-01 15:55:00,65.1,64.9,64.4,64.4,0
2021-06-23 15:30:00,64.9,63.0,64.4,64.0,1
2021-06-01 15:55:00,64.4,64.0,66.2,66.2,0
2021-05-21 15:30:00,64.0,65.9,66.2,66.4,1
2021-05-03 15:55:00,66.2,66.4,66.4,66.6,0
2021-04-23 15:30:00,66.4,65.8,66.6,66.6,1
2021-04-01 15:55:00,66.6,66.6,60.7,60.7,0
2021-03-24 16:30:00,66.6,60.8,60.7,60.6,1
2021-03-01 16:55:00,60.7,60.6,57.1,57.1,0
2021-02-19 16:30:00,60.6,56.5,57.1,57.0,1
2021-02-01 16:55:00,57.1,57.0,58.3,58.3,0
2021-01-22 16:30:00,57.0,57.5,58.3,58.6,1
2021-01-04 16:55:00,58.3,58.6,58.6,57.8,0
2020-12-16 16:30:00,58.6,56.4,57.8,57.9,1
2020-12-01 16:55:00,57.8,57.9,57.9,58.2,0
2020-11-23 16:30:00,57.9,56.5,58.2,58.0,1
2020-11-02 16:55:00,58.2,58.0,58.0,56.4,0
2020-10-23 15:30:00,58.0,55.1,56.4,56.6,1
2020-10-01 15:55:00,56.4,56.6,52.2,52.2,0
2020-09-23 15:30:00,56.6,52.5,52.2,53.0,1
2020-09-01 15:55:00,52.2,53.0,51.0,51.0,0
2020-08-21 15:30:00,53.0,52.5,51.0,50.0,1
2020-08-03 15:55:00,51.0,50.0,45.2,45.2,0
2020-07-24 15:30:00,50.0,48.0,45.2,44.6,1
2020-07-01 15:55:00,45.2,44.6,36.6,36.6,0
2020-06-23 15:30:00,44.6,41.5,36.6,36.8,1
2020-06-01 15:55:00,36.6,36.8,34.5,34.5,0
2020-05-21 15:30:00,36.8,39.2,34.5,34.4,1
2020-05-04 15:55:00,34.5,34.4,45.4,45.4,0
2020-04-23 15:30:00,34.4,39.0,45.4,45.7,1
2020-04-01 15:55:00,45.4,45.5,45.7,48.0,0
2020-03-24 16:30:00,45.7,39.6,48.0,47.8,1
2020-03-02 16:55:00,48.0,47.8,45.3,45.3,0
2020-02-21 16:30:00,47.8,44.8,45.3,45.2,1
2020-02-03 16:55:00,45.3,45.2,43.7,43.7,0
2020-01-24 16:30:00,45.2,44.5,43.7,43.4,1
2020-01-02 16:55:00,43.7,43.4,43.4,44.1,0
2019-12-16 16:30:00,43.4,44.5,44.1,43.8,1
2019-12-02 16:55:00,44.1,43.8,43.8,42.1,0
2019-11-22 16:30:00,43.8,42.9,42.1,41.9,1
2019-11-04 16:55:00,42.1,41.9,41.7,41.7,0
2019-10-24 15:30:00,41.9,42.0,41.7,41.4,1
2019-10-01 15:55:00,41.7,41.4,43.5,43.5,0
2019-09-23 15:30:00,41.4,44.0,43.5,43.6,1
2019-09-02 15:55:00,43.5,43.6,43.6,43.2,0
2019-08-22 15:30:00,43.6,43.0,43.2,43.1,1
2019-08-01 15:55:00,43.2,43.1,43.1,45.0,0
2019-07-24 15:30:00,43.1,45.1,45.0,45.4,1
2019-07-01 15:55:00,45.0,45.4,45.4,44.3,0
2019-06-21 15:30:00,45.4,44.6,44.3,44.3,1
2019-06-03 15:55:00,44.3,44.3,44.3,44.4,0
2019-05-23 15:30:00,44.3,44.8,44.4,44.5,1
2019-05-02 15:55:00,44.4,44.5,44.5,44.1,0
2019-04-18 15:30:00,44.5,45.0,44.1,44.7,1
2019-04-01 15:55:00,44.1,44.7,44.7,47.6,0
2019-03-22 16:30:00,44.7,48.0,47.6,47.6,1
2019-03-01 16:55:00,47.6,47.6,47.6,49.7,0
2019-02-21 16:30:00,47.6,50.0,49.7,49.9,1
2019-02-01 16:55:00,49.7,49.9,49.9,51.5,0
2019-01-24 16:30:00,49.9,51.4,51.5,51.5,1
2019-01-02 16:55:00,51.5,51.5,51.5,51.8,0
2018-12-14 16:30:00,51.5,51.8,51.8,51.6,1
2018-12-03 16:55:00,51.8,51.6,51.6,52.2,0
2018-11-23 16:30:00,51.6,52.3,52.2,52.3,1
2018-11-02 16:55:00,52.2,52.3,52.3,53.7,0
2018-10-24 15:30:00,52.3,53.5,53.7,53.7,1
2018-10-01 15:55:00,53.7,53.7,53.7,55.9,0
2018-09-21 15:30:00,53.7,55.7,55.9,56.1,1
2018-09-03 15:55:00,55.9,56.1,56.1,56.9,0
2018-08-23 15:30:00,56.1,56.5,56.9,57.3,1
2018-08-01 15:55:00,56.9,57.3,57.3,55.9,0
2018-07-24 15:30:00,57.3,55.5,55.9,55.9,1
2018-07-02 15:55:00,55.9,55.9,55.9,56.9,0
2018-06-22 15:30:00,55.9,56.3,56.9,56.8,1
2018-06-01 15:55:00,56.9,56.8,56.8,58.1,0
2018-05-23 15:30:00,56.8,57.9,58.1,58.1,1
2018-05-02 15:55:00,58.1,58.1,58.1,58.2,0
2018-04-23 15:30:00,58.1,57.6,58.2,58.4,1
2018-04-03 15:55:00,58.2,58.4,58.4,60.6,0
2018-03-22 16:30:00,58.4,59.8,60.6,60.3,1
2018-03-01 16:55:00,60.6,60.3,60.3,61.1,0
2018-02-21 16:30:00,60.3,60.6,61.1,61.2,1
2018-02-01 16:55:00,61.1,61.2,61.2,63.3,0
2018-01-24 16:30:00,61.2,63.2,63.3,63.3,1
2018-01-02 16:55:00,63.3,63.3,63.3,62.5,0
2017-12-14 16:30:00,63.3,62.2,62.5,62.5,1
2017-12-01 16:55:00,62.5,62.5,62.5,60.6,0
2017-11-23 16:30:00,62.5,60.4,60.6,60.5,1
2017-11-02 16:55:00,60.6,60.5,60.5,60.6,0
2017-10-24 15:30:00,60.5,60.2,60.6,60.6,1
2017-10-02 15:55:00,60.6,60.6,60.6,59.3,0
2017-09-22 15:30:00,60.6,59.0,59.3,59.4,1
2017-09-01 15:55:00,59.3,59.4,59.4,58.1,0
2017-08-23 15:30:00,59.4,57.7,58.1,58.3,1
2017-08-01 15:55:00,58.1,58.3,58.3,59.6,0
2017-07-24 15:30:00,58.3,59.2,59.6,59.3,1
2017-07-03 15:55:00,59.6,59.3,59.3,59.5,0
2017-06-23 15:30:00,59.3,59.0,59.5,59.4,1
2017-06-01 15:55:00,59.5,59.4,59.4,58.2,0
2017-05-23 15:30:00,59.4,58.0,58.2,58.2,1
2017-05-02 15:55:00,58.2,58.2,58.2,58.3,0
2017-04-21 15:30:00,58.2,58.0,58.3,58.3,1
2017-04-03 15:55:00,58.3,58.3,58.3,56.8,0
2017-03-24 16:30:00,58.3,56.5,56.8,57.0,1
2017-03-01 16:55:00,56.8,57.0,57.0,56.4,0
2017-02-21 16:30:00,57.0,56.0,56.4,56.5,1
2017-02-01 16:55:00,56.4,56.5,56.5,55.6,0
2017-01-24 16:30:00,56.5,55.4,55.6,55.5,1
2017-01-02 16:55:00,55.6,55.5,55.5,54.3,0
2016-12-15 16:30:00,55.5,54.5,54.3,54.4,1
2016-12-01 16:55:00,54.3,54.4,54.4,55.0,0
2016-11-23 16:30:00,54.4,54.8,55.0,55.1,1
2016-11-02 16:55:00,55.0,55.1,55.1,54.3,0
2016-10-24 15:30:00,55.1,54.3,54.3,54.3,1
2016-10-03 15:55:00,54.3,54.3,54.3,53.6,0
2016-09-23 15:30:00,54.3,53.1,53.6,53.6,1
2016-09-01 15:55:00,53.6,53.6,53.6,53.8,0
2016-08-23 15:30:00,53.6,53.5,53.8,53.7,1
2016-08-01 15:55:00,53.8,53.7,53.7,54.5,0
2016-07-22 15:30:00,53.7,53.5,54.5,54.4,1
2016-07-01 15:55:00,54.5,54.4,54.4,52.1,0
2016-06-23 15:30:00,54.4,52.0,52.1,52.4,1
2016-06-01 15:55:00,52.1,52.4,52.4,51.8,0
2016-05-23 15:30:00,52.4,52.0,51.8,51.9,1
2016-05-02 15:55:00,51.8,51.9,51.9,50.7,0
2016-04-22 15:30:00,51.9,51.0,50.7,50.4,1
2016-04-01 15:55:00,50.7,50.4,50.4,50.5,0
2016-03-22 16:30:00,50.4,50.8,50.5,50.2,1
2016-03-01 16:55:00,50.5,50.2,50.2,52.3,0
2016-02-22 16:30:00,50.2,52.0,52.3,52.1,1
2016-02-01 16:55:00,52.3,52.1,52.1,53.2,0
2016-01-22 16:30:00,52.1,53.0,53.2,53.0,1
2016-01-04 16:55:00,53.2,53.0,53.0,52.9,0
2015-12-16 16:30:00,53.0,53.0,52.9,52.6,1
2015-12-01 16:55:00,52.9,52.6,52.6,52.1,0
2015-11-23 16:30:00,52.6,52.0,52.1,51.6,1
2015-11-02 16:55:00,52.1,51.6,51.6,52.3,0
2015-10-23 15:30:00,51.6,51.6,52.3,52.5,1
2015-10-01 15:55:00,52.3,52.5,52.5,53.3,0
2015-09-23 15:30:00,52.5,52.8,53.3,53.2,1
2015-09-01 15:55:00,53.3,53.2,53.2,51.8,0
2015-08-21 15:30:00,53.2,51.7,51.8,51.5,1
2015-08-03 15:55:00,51.8,51.5,51.5,51.9,0
2015-07-24 15:30:00,51.5,51.9,51.9,51.9,1
2015-07-01 15:55:00,51.9,51.9,51.9,51.1,0
2015-06-23 15:30:00,51.9,51.3,51.1,51.4,1
2015-06-01 15:55:00,51.1,51.4,51.4,52.1,0
2015-05-21 15:30:00,51.4,52.3,52.1,51.9,1
2015-05-04 15:55:00,52.1,51.9,51.9,52.8,0
2015-04-23 15:30:00,51.9,53.0,52.8,52.4,1
2015-04-01 15:55:00,52.8,52.4,52.4,51.1,0
2015-03-24 16:30:00,52.4,51.5,51.1,50.9,1
2015-03-02 16:55:00,51.1,50.9,50.9,50.9,0
2015-02-20 16:30:00,50.9,51.5,50.9,51.0,1
2015-02-02 16:55:00,50.9,51.0,51.0,51.2,0
2015-01-23 16:30:00,51.0,51.7,51.2,51.2,1
2015-01-02 16:55:00,51.2,51.2,51.2,49.5,0
2014-12-16 16:30:00,51.2,50.4,49.5,50.0,1
2014-12-01 16:55:00,49.5,50.0,50.0,51.4,0
2014-11-20 16:30:00,50.0,51.5,51.4,51.8,1
2014-11-03 16:55:00,51.4,51.8,51.8,49.9,0
2014-10-23 15:30:00,51.8,49.5,49.9,50.3,1
2014-10-01 15:55:00,49.9,50.3,50.3,51.4,0
2014-09-23 15:30:00,50.3,51.2,51.4,52.0,1
2014-09-01 15:55:00,51.4,52.0,52.0,52.4,0
2014-08-21 15:30:00,52.0,51.8,52.4,52.9,1
2014-08-01 15:55:00,52.4,52.9,52.9,52.0,0
2014-07-24 15:30:00,52.9,52.0,52.0,52.4,1
2014-07-01 15:55:00,52.0,52.4,52.4,52.3,0
2014-06-23 15:30:00,52.4,52.5,52.3,52.9,1
2014-06-02 15:55:00,52.3,52.9,52.9,54.1,0
2014-05-22 15:30:00,52.9,54.0,54.1,54.2,1
2014-05-02 15:55:00,54.1,54.2,54.2,53.7,0
2014-04-23 15:30:00,54.2,54.0,53.7,53.8,1
2014-04-01 15:55:00,53.7,53.8,53.8,54.8,0
2014-03-24 16:30:00,53.8,54.6,54.8,54.7,1
2014-03-03 16:53:00,54.8,54.7,54.7,56.5,0
2014-02-20 16:28:00,54.7,56.3,56.5,56.3,1
2014-02-03 16:53:00,56.5,56.3,56.3,54.3,0
2014-01-23 16:28:00,56.3,54.6,54.3,54.2,1
2014-01-02 16:53:00,54.3,54.2,54.2,52.7,0
2013-12-16 16:28:00,54.2,53.0,52.7,52.5,1
2013-12-02 16:53:00,52.7,52.5,52.5,51.7,0
2013-11-21 16:28:00,52.5,52.0,51.7,51.5,1
2013-11-04 16:53:00,51.7,51.5,51.5,51.1,0
2013-10-24 15:28:00,51.5,51.5,51.1,51.3,1
2013-10-01 15:53:00,51.1,51.3,51.3,51.8,0
2013-09-23 15:28:00,51.3,52.2,51.8,52.0,1
2013-09-02 15:53:00,51.8,52.0,52.0,50.7,0
2013-08-22 15:28:00,52.0,51.2,50.7,50.3,1
2013-08-01 15:53:00,50.7,50.3,50.3,48.6,0
2013-07-24 15:28:00,50.3,49.2,48.6,48.7,1
2013-07-01 15:53:00,48.6,48.7,48.7,49.4,0
2013-06-20 15:28:00,48.7,49.8,49.4,49.0,1
2013-06-03 15:53:00,49.4,49.0,49.0,48.1,0
2013-05-23 15:28:00,49.0,48.5,48.1,47.9,1
2013-05-02 15:53:00,48.1,47.9,47.9,49.0,0
2013-04-23 15:28:00,47.9,49.0,49.0,48.9,1
2013-04-02 15:53:00,49.0,48.9,48.9,50.3,0
2013-03-21 16:28:00,48.9,50.5,50.3,50.1,1
2013-03-01 16:55:00,50.3,50.1,50.1,49.8,0
2013-02-21 16:28:00,50.1,50.5,49.8,48.8,1
2013-02-01 16:55:00,49.8,48.8,48.8,46.0,0
2013-01-24 16:28:00,48.8,46.8,46.0,46.3,1
2013-01-02 16:55:00,46.0,46.3,46.3,46.8,0
2012-12-14 16:28:00,46.3,47.2,46.8,46.8,1
2012-12-03 16:55:00,46.8,46.8,46.8,46.0,0
2012-11-22 16:30:00,46.8,45.9,46.0,45.7,1
2012-11-02 16:55:00,46.0,45.7,45.7,47.4,0
2012-10-24 15:28:00,45.7,48.0,47.4,47.3,1
2012-10-01 15:55:00,47.4,47.3,47.3,44.7,0
2012-09-20 15:28:00,47.3,45.3,44.7,45.1,1
2012-09-03 15:55:00,44.7,45.1,45.1,43.0,0
2012-08-23 15:28:00,45.1,43.4,43.0,43.3,1
2012-08-01 15:55:00,43.0,43.3,43.3,45.0,0
2012-07-24 15:28:00,43.3,45.3,45.0,44.7,1
2012-07-02 15:55:00,45.0,44.7,44.7,45.2,0
2012-06-21 15:28:00,44.7,45.2,45.2,45.0,1
2012-06-01 15:55:00,45.2,45.0,45.0,46.2,0
2012-05-24 15:28:00,45.0,47.0,46.2,46.3,1
2012-05-02 15:55:00,46.2,46.4,46.3,48.4,0
2012-04-23 15:28:00,46.3,49.0,48.4,48.1,1
2012-04-02 15:55:00,48.4,48.1,48.1,50.2,0
2012-03-22 16:28:00,48.1,51.0,50.2,50.1,1
2012-03-01 16:55:00,50.2,50.1,50.1,51.0,0
2012-02-22 16:30:00,50.1,51.5,51.0,50.9,1
2012-02-01 16:55:00,51.0,50.9,50.9,48.4,0
2012-01-24 16:30:00,50.9,49.1,48.4,48.1,1
2012-01-02 16:55:00,48.4,48.1,48.1,47.9,0
2011-12-15 16:30:00,48.1,47.6,47.9,47.9,1
2011-12-01 16:55:00,47.9,47.9,47.9,49.1,0
2011-11-23 16:30:00,47.9,48.4,49.1,48.9,1
2011-11-02 16:55:00,49.1,48.9,48.9,50.3,0
2011-10-24 15:30:00,48.9,50.0,50.3,50.0,1
2011-10-03 15:55:00,50.3,50.0,50.0,50.9,0
2011-09-22 15:30:00,50.0,50.2,50.9,52.0,1
2011-09-01 15:55:00,50.9,52.0,52.0,52.0,0
2011-08-23 15:30:00,52.0,50.6,52.0,52.1,1
2011-08-01 15:55:00,52.0,52.1,52.1,57.7,0
2011-07-21 15:30:00,52.1,54.1,54.7,54.9,1
2011-06-23 15:30:00,54.9,57.0,57.7,58.2,1
2011-06-01 15:55:00,57.7,58.2,58.2,62.0,0
2011-05-23 15:30:00,58.2,61.2,62.0,61.7,1
2011-05-02 15:55:00,62.0,61.7,61.7,62.7,0
2011-04-19 15:30:00,61.7,60.1,60.9,60.9,1
2011-03-24 16:30:00,60.9,62.0,62.7,62.6,1
2011-03-01 16:55:00,62.7,62.6,62.6,60.5,0
2011-02-21 16:30:00,62.6,60.3,60.5,60.2,1
2011-02-01 16:55:00,60.5,60.2,60.2,58.1,0
2011-01-24 16:30:00,60.2,61.1,60.7,60.9,1
2010-12-16 16:30:00,60.9,58.2,58.1,58.9,1
2010-12-01 16:55:00,58.1,58.9,58.9,56.6,0
2010-11-23 16:30:00,58.9,57.0,56.6,56.1,1
2010-11-02 16:55:00,56.6,56.1,56.1,58.4,0
2010-10-21 15:30:00,56.1,54.6,55.1,55.3,1
2010-09-23 15:30:00,55.3,57.8,58.2,58.2,1
2010-08-23 15:30:00,58.2,60.9,61.2,61.2,1
2010-07-22 15:30:00,61.2,58.0,58.4,58.1,1
2010-06-23 15:30:00,58.1,58.3,58.4,58.3,1
2010-06-01 15:55:00,58.4,58.3,58.3,61.5,0
2010-05-21 15:30:00,58.3,61.5,61.5,61.3,1
2010-05-03 15:55:00,61.5,61.3,61.3,57.2,0
2010-04-22 15:30:00,61.3,60.2,60.2,59.6,1
2010-03-24 16:30:00,59.6,57.0,57.2,57.1,1
2010-03-01 16:00:00,57.2,57.1,57.1,52.4,0
2010-02-19 16:30:00,57.1,54.1,53.7,53.4,1
2010-01-21 16:30:00,53.4,53.1,52.7,53.1,1
2009-12-16 16:30:00,53.1,52.6,52.4,52.0,1
2009-12-01 16:55:00,52.4,52.0,52.0,49.6,0
2009-11-23 16:30:00,52.0,51.7,51.0,51.1,1
2009-10-23 15:30:00,51.1,50.2,49.6,49.6,1
2009-10-01 15:55:00,49.6,49.6,49.6,49.2,0
2009-09-23 15:30:00,49.6,51.0,49.2,49.0,1
2009-09-01 15:55:00,49.2,49.0,49.0,45.2,0
2009-08-21 15:30:00,49.0,47.1,45.7,,1
2009-07-24 15:30:00,45.2,42.1,40.9,40.9,0
2009-07-01 15:55:00,40.9,,40.5,40.5,0
2009-06-23 15:30:00,40.5,41.0,39.6,39.6,0
2009-06-01 15:55:00,39.6,39.1,39.1,39.1,0
2009-05-21 15:30:00,39.1,37.0,35.4,35.0,0
2009-04-23 15:30:00,35.0,33.2,32.4,32.4,0
2009-03-24 16:30:00,32.4,32.1,32.1,32.2,0
2009-02-20 16:30:00,32.2,32.5,32.0,32.0,0
2009-01-23 16:30:00,32.0,32.0,32.7,33.5,0
2008-12-16 16:30:00,33.5,34.5,35.7,36.7,0
2008-11-21 16:30:00,36.7,42.0,42.9,43.3,0
2008-10-24 15:30:00,43.3,46.0,47.4,48.1,0
2008-09-23 15:30:00,48.1,49.2,49.7,49.9,0
2008-08-21 15:30:00,49.9,50.5,50.9,50.9,0
2008-07-24 15:30:00,50.9,52.0,52.6,52.3,0
2008-06-23 15:30:00,52.3,53.2,53.6,53.5,0
2008-05-23 16:30:00,53.5,53.3,53.6,53.6,0
2008-04-23 15:30:00,53.6,54.7,55.1,54.9,0
2008-03-20 16:30:00,54.9,54.0,54.3,54.3,0
2008-03-03 16:55:00,54.3,54.0,54.4,43.2,0
